{
    "action": {
        "min": [
            -13.229859352111816,
            -100.0,
            43.259193420410156,
            -100.0,
            -65.16500854492188,
            0.0
        ],
        "max": [
            7.317073345184326,
            44.5,
            99.90921783447266,
            -22.092519760131836,
            -44.68307876586914,
            53.24980545043945
        ],
        "mean": [
            -4.877650737762451,
            -50.272945404052734,
            85.03569793701172,
            -95.01940155029297,
            -51.24055099487305,
            30.527420043945312
        ],
        "std": [
            4.5195536613464355,
            61.9813346862793,
            19.418764114379883,
            15.161629676818848,
            5.493759632110596,
            13.334715843200684
        ],
        "count": [
            745
        ],
        "q01": [
            -13.159537541866303,
            -99.67212783813477,
            44.0766544342041,
            -100.0,
            -65.00777549743653,
            1.0875227240579468
        ],
        "q10": [
            -11.45644255688316,
            -99.18609154742697,
            52.42799949645996,
            -99.8152107000351,
            -62.91301918029785,
            1.176274605286427
        ],
        "q50": [
            -4.360776662826538,
            -99.08468292625088,
            99.81204106257512,
            -99.64404876864687,
            -50.0800666809082,
            35.2366030711048
        ],
        "q90": [
            -0.5177295804023743,
            38.01917266845703,
            99.9066982553966,
            -92.56048647562663,
            -44.94262023594069,
            36.41587734222412
        ],
        "q99": [
            5.987891674041748,
            44.49171899648813,
            99.90896587656505,
            -22.177439498901368,
            -44.68440583270529,
            53.23989059925079
        ]
    },
    "observation.state": {
        "min": [
            -13.278319358825684,
            -99.41299438476562,
            44.26823806762695,
            -98.6916732788086,
            -64.88400268554688,
            1.4009339809417725
        ],
        "max": [
            7.351838111877441,
            44.98951721191406,
            99.72813415527344,
            -22.285215377807617,
            -44.85958480834961,
            52.96864700317383
        ],
        "mean": [
            -4.914594650268555,
            -50.08040237426758,
            85.23383331298828,
            -94.08255767822266,
            -51.2872314453125,
            30.47682762145996
        ],
        "std": [
            4.4580979347229,
            62.44827651977539,
            19.0794620513916,
            14.84365177154541,
            5.449094295501709,
            13.0643310546875
        ],
        "count": [
            745
        ],
        "q01": [
            -13.127255165576935,
            -99.41299438476562,
            44.358677193214156,
            -98.6916732788086,
            -64.88400268554688,
            1.4009339809417725
        ],
        "q10": [
            -11.253911358969551,
            -99.41299438476562,
            52.881160736083984,
            -98.6916732788086,
            -63.02580236619519,
            1.4009339809417725
        ],
        "q50": [
            -4.351306438446045,
            -99.33353568908365,
            99.71795633626101,
            -98.60272311201,
            -50.08306651645236,
            35.09411067256221
        ],
        "q90": [
            -0.37498111724853517,
            38.276728820800784,
            99.72609859147096,
            -92.9342802296514,
            -44.86282833762791,
            36.15689742046854
        ],
        "q99": [
            5.329154205322266,
            44.92685986569053,
            99.7279305988932,
            -22.29660164833069,
            -44.859909161277436,
            52.96412663179285
        ]
    },
    "observation.images.front": {
        "min": [
            [
                [
                    0.0
                ]
            ],
            [
                [
                    0.0
                ]
            ],
            [
                [
                    0.0
                ]
            ]
        ],
        "max": [
            [
                [
                    1.0
                ]
            ],
            [
                [
                    1.0
                ]
            ],
            [
                [
                    1.0
                ]
            ]
        ],
        "mean": [
            [
                [
                    0.32782309147077776
                ]
            ],
            [
                [
                    0.31707244911220495
                ]
            ],
            [
                [
                    0.285978244756892
                ]
            ]
        ],
        "std": [
            [
                [
                    0.0
                ]
            ],
            [
                [
                    0.0
                ]
            ],
            [
                [
                    0.0
                ]
            ]
        ],
        "count": [
            142
        ],
        "q01": [
            [
                [
                    0.0038206720871117386
                ]
            ],
            [
                [
                    0.01967574718577046
                ]
            ],
            [
                [
                    -3.9215686274509807e-13
                ]
            ]
        ],
        "q10": [
            [
                [
                    0.05885841290357588
                ]
            ],
            [
                [
                    0.06261554849709158
                ]
            ],
            [
                [
                    0.03921814020167112
                ]
            ]
        ],
        "q50": [
            [
                [
                    0.20391593643772127
                ]
            ],
            [
                [
                    0.21175649784620193
                ]
            ],
            [
                [
                    0.19207372889898014
                ]
            ]
        ],
        "q90": [
            [
                [
                    0.7410484848486739
                ]
            ],
            [
                [
                    0.7490820198930798
                ]
            ],
            [
                [
                    0.7606106489186736
                ]
            ]
        ],
        "q99": [
            [
                [
                    0.8509792041525244
                ]
            ],
            [
                [
                    0.8667027032229908
                ]
            ],
            [
                [
                    0.9332395329834103
                ]
            ]
        ]
    },
    "timestamp": {
        "min": [
            0.0
        ],
        "max": [
            24.8
        ],
        "mean": [
            12.4
        ],
        "std": [
            7.16875938437824
        ],
        "count": [
            745
        ],
        "q01": [
            0.23535199990189795
        ],
        "q10": [
            2.4675999999198996
        ],
        "q50": [
            12.402480000000018
        ],
        "q90": [
            22.3324000000801
        ],
        "q99": [
            24.5646480000981
        ]
    },
    "frame_index": {
        "min": [
            0
        ],