{
    "action": {
        "min": [
            -18.84700584411621,
            -100.0,
            -2.768951416015625,
            -100.0,
            -63.22682189941406,
            0.8613938689231873
        ],
        "max": [
            8.64745044708252,
            41.58333206176758,
            100.0,
            -25.291828155517578,
            -43.79256057739258,
            57.8700065612793
        ],
        "mean": [
            -2.0385501384735107,
            -51.821319580078125,
            80.7381362915039,
            -91.66069030761719,
            -57.3558349609375,
            29.450271606445312
        ],
        "std": [
            5.626707553863525,
            60.323184967041016,
            24.94297218322754,
            15.497983932495117,
            5.624327182769775,
            13.539294242858887
        ],
        "count": [
            810
        ],
        "q01": [
            -18.406984977722168,
            -99.83682527542115,
            2.762073278427124,
            -100.0,
            -63.22682189941406,
            1.169737355831342
        ],
        "q10": [
            -7.170568943023682,
            -99.00826015028842,
            44.165626525878906,
            -99.82283564976284,
            -62.914502536549286,
            1.1768415371576946
        ],
        "q50": [
            -1.9214191436767578,
            -98.6515862601144,
            99.89824764476103,
            -97.84740804036458,
            -60.60767238480704,
            35.23878719932154
        ],
        "q90": [
            3.8433600033030793,
            36.93939208984375,
            99.91391673368567,
            -79.75408172607422,
            -47.87939281463623,
            35.87608337402344
        ],
        "q99": [
            8.64466615319252,
            41.16495323181152,
            99.9174422786937,
            -26.234640502929686,
            -43.79605903625488,
            53.490608596801756
        ]
    },
    "observation.state": {
        "min": [
            -18.829708099365234,
            -99.41299438476562,
            -0.589034914970398,
            -98.6916732788086,
            -63.17460250854492,
            1.4009339809417725
        ],
        "max": [
            8.402100563049316,
            41.97064971923828,
            99.90937805175781,
            -25.94853973388672,
            -43.93162536621094,
            55.970645904541016
        ],
        "mean": [
            -2.063568592071533,
            -51.49638748168945,
            81.05794525146484,
            -91.101318359375,
            -57.313377380371094,
            29.4179630279541
        ],
        "std": [
            5.590471267700195,
            61.0898551940918,
            24.51325035095215,
            15.124160766601562,
            5.679940223693848,
            13.288121223449707
        ],
        "count": [
            810
        ],
        "q01": [
            -18.381109555562336,
            -99.35553076402196,
            4.759490585327148,
            -98.6916732788086,
            -63.17460250854492,
            1.4009339809417725
        ],
        "q10": [
            -7.050930678844452,
            -99.34256715594597,
            45.08950576782227,
            -98.6916732788086,
            -63.12501305800218,
            1.5377948379516602
        ],
        "q50": [
            -2.022237777709961,
            -99.0788178877397,
            99.81456867017243,
            -97.99566741943359,
            -60.53520971987428,
            35.08659076126369
        ],
        "q90": [
            3.7519954681396483,
            38.36064147949219,
            99.90387885634964,
            -79.41474151611328,
            -47.838349982873716,
            35.899906158447266
        ],
        "q99": [
            8.399648809432984,
            41.91266403198242,
            99.908828132217,
            -27.244824981689455,
            -43.979245838366054,
            52.30247077941895
        ]
    },
    "observation.images.front": {
        "min": [
            [
                [
                    0.0
                ]
            ],
            [
                [
                    0.0
                ]
            ],
            [
                [
                    0.0
                ]
            ]
        ],
        "max": [
            [
                [
                    1.0
                ]
            ],
            [
                [
                    1.0
                ]
            ],
            [
                [
                    1.0
                ]
            ]
        ],
        "mean": [
            [
                [
                    0.3279015409890745
                ]
            ],
            [
                [
                    0.31801307635117415
                ]
            ],
            [
                [
                    0.2866754492668383
                ]
            ]
        ],
        "std": [
            [
                [
                    0.0
                ]
            ],
            [
                [
                    0.0
                ]
            ],
            [
                [
                    0.0
                ]
            ]
        ],
        "count": [
            151
        ],
        "q01": [
            [
                [
                    -3.9215686274509807e-13
                ]
            ],
            [
                [
                    0.015734200503924153
                ]
            ],
            [
                [
                    -3.9215686274509807e-13
                ]
            ]
        ],
        "q10": [
            [
                [
                    0.047080219111026375
                ]
            ],
            [
                [
                    0.05489325640669132
                ]
            ],
            [
                [
                    0.03534677277902452
                ]
            ]
        ],
        "q50": [
            [
                [
                    0.21972228533952232
                ]
            ],
            [
                [
                    0.22340690394161236
                ]
            ],
            [
                [
                    0.19208141435654594
                ]
            ]
        ],
        "q90": [
            [
                [
                    0.7373783908047838
                ]
            ],
            [
                [
                    0.752969644888357
                ]
            ],
            [
                [
                    0.7607665356543314
                ]
            ]
        ],
        "q99": [
            [
                [
                    0.8705751856290331
                ]
            ],
            [
                [
                    0.8901178144332955
                ]
            ],
            [
                [
                    0.952862989247667
                ]
            ]
        ]
    },
    "timestamp": {
        "min": [
            0.0
        ],
        "max": [
            26.966666666666665
        ],
        "mean": [
            13.483333333333333
        ],
        "std": [
            7.7942226942401
        ],
        "count": [
            810
        ],
        "q01": [
            0.2648126665686306
        ],
        "q10": [
            2.6696999999197994
        ],
        "q50": [
            13.467153333333211
        ],
        "q90": [
            24.27000000008
        ],
        "q99": [
            26.701854000098034
        ]
    },