{
    "action": {
        "min": [
            -16.260162353515625,
            -99.75,
            31.457103729248047,
            -100.0,
            -56.57412338256836,
            0.5481597781181335
        ],
        "max": [
            0.5173687934875488,
            39.75,
            99.90921783447266,
            -24.42715072631836,
            -39.23520278930664,
            48.472984313964844
        ],
        "mean": [
            -7.186448574066162,
            -39.97418975830078,
            78.93666076660156,
            -87.53394317626953,
            -49.667938232421875,
            31.24535369873047
        ],
        "std": [
            4.081326484680176,
            60.02322006225586,
            21.13922119140625,
            17.29741859436035,
            5.3584184646606445,
            12.687795639038086
        ],
        "count": [
            533
        ],
        "q01": [
            -16.260162353515625,
            -99.68959499359131,
            31.99554838180542,
            -100.0,
            -56.521820096969606,
            1.0998224943876267
        ],
        "q10": [
            -12.85862995783488,
            -99.18262360890706,
            47.16395506858826,
            -99.83049915737575,
            -56.20849193773772,
            1.1796962688950932
        ],
        "q50": [
            -7.982600897550583,
            -58.834651947021484,
            81.20125579833984,
            -94.9038683573405,
            -51.963184928894044,
            35.54776498545771
        ],
        "q90": [
            -1.8474806785583495,
            36.32317962646484,
            99.90579092894362,
            -60.83286018371582,
            -41.384016036987305,
            36.01490263687937
        ],
        "q99": [
            0.2936730670928954,
            39.184577728271485,
            99.90887514391976,
            -24.85476658821106,
            -39.443536651966184,
            48.393756134033204
        ]
    },
    "observation.state": {
        "min": [
            -16.429107666015625,
            -99.32913970947266,
            33.574989318847656,
            -98.6916732788086,
            -56.43467712402344,
            1.4009339809417725
        ],
        "max": [
            0.1500375121831894,
            40.12578582763672,
            99.72813415527344,
            -24.989097595214844,
            -39.58485794067383,
            48.232154846191406
        ],
        "mean": [
            -7.201101779937744,
            -39.546539306640625,
            79.29469299316406,
            -86.90138244628906,
            -49.6649169921875,
            31.327919006347656
        ],
        "std": [
            4.070979595184326,
            60.63652801513672,
            20.619850158691406,
            16.721948623657227,
            5.323862075805664,
            12.130196571350098
        ],
        "count": [
            533
        ],
        "q01": [
            -16.20474160194397,
            -99.32913970947266,
            34.47903736114502,
            -98.6916732788086,
            -56.43467712402344,
            1.4009339809417725
        ],
        "q10": [
            -12.90139741897583,
            -99.32913970947266,
            48.43815869418057,
            -98.6916732788086,
            -56.33920261676495,
            1.534871220588684
        ],
        "q50": [
            -7.72797343466017,
            -58.73381042480469,
            81.6087875366211,
            -94.06588592529297,
            -52.03732681274414,
            35.35925583100655
        ],
        "q90": [
            -1.6500714778900147,
            37.02152099609375,
            99.7248237072582,
            -61.00975646972656,
            -41.198251942225866,
            35.82985738345555
        ],
        "q99": [
            0.00027700424194329176,
            40.02199239095052,
            99.72780311047191,
            -25.156109313964844,
            -39.585343169135015,
            48.16504259109497
        ]
    },
    "observation.images.front": {
        "min": [
            [
                [
                    0.0
                ]
            ],
            [
                [
                    0.0
                ]
            ],
            [
                [
                    0.0
                ]
            ]
        ],
        "max": [
            [
                [
                    1.0
                ]
            ],
            [
                [
                    1.0
                ]
            ],
            [
                [
                    1.0
                ]
            ]
        ],
        "mean": [
            [
                [
                    0.33718355265457345
                ]
            ],
            [
                [
                    0.3226243184439551
                ]
            ],
            [
                [
                    0.2906806735171787
                ]
            ]
        ],
        "std": [
            [
                [
                    0.0
                ]
            ],
            [
                [
                    0.0
                ]
            ],
            [
                [
                    0.0
                ]
            ]
        ],
        "count": [
            110
        ],
        "q01": [
            [
                [
                    0.0038777515550710855
                ]
            ],
            [
                [
                    0.019631295721879903
                ]
            ],
            [
                [
                    0.003829122844672105
                ]
            ]
        ],
        "q10": [
            [
                [
                    0.05894704535008925
                ]
            ],
            [
                [
                    0.06263206471255976
                ]
            ],
            [
                [
                    0.04305866222292178
                ]
            ]
        ],
        "q50": [
            [
                [
                    0.2353429245866976
                ]
            ],
            [
                [
                    0.22345116413851362
                ]
            ],
            [
                [
                    0.1961898426963909
                ]
            ]
        ],
        "q90": [
            [
                [
                    0.7450273146017583
                ]
            ],
            [
                [
                    0.7528449139282107
                ]
            ],
            [
                [
                    0.7607348811702228
                ]
            ]
        ],
        "q99": [
            [
                [
                    0.8549144527989415
                ]
            ],
            [
                [
                    0.8667487504961227
                ]
            ],
            [
                [
                    0.9372535346606037
                ]
            ]
        ]
    },
    "timestamp": {
        "min": [
            0.0
        ],
        "max": [
            17.733333333333334
        ],
        "mean": [
            8.866666666666669
        ],
        "std": [
            5.128785864553558
        ],
        "count": [
            533
        ],
        "q01": [
            0.16431706656851983
        ],
        "q10": [
            1.7673039999199316
        ],
        "q50": [
            8.868440000000017
        ],
        "q90": [
            15.966029333413399
        ],
        "q99": [
            17.569016266764812
        ]
    },