{
    "action": {
        "min": [
            -9.977827072143555,
            -99.58333587646484,
            6.854289531707764,
            -100.0,
            -73.33682250976562,
            0.0
        ],
        "max": [
            7.760532379150391,
            28.83333396911621,
            100.0,
            -18.893211364746094,
            -41.644840240478516,
            54.972591400146484
        ],
        "mean": [
            -5.478227138519287,
            -50.86687088012695,
            80.45189666748047,
            -83.14169311523438,
            -54.77154541015625,
            25.721677780151367
        ],
        "std": [
            3.549635648727417,
            56.674400329589844,
            24.988414764404297,
            20.44550132751465,
            8.220160484313965,
            16.597150802612305
        ],
        "count": [
            706
        ],
        "q01": [
            -9.68315773010254,
            -99.50609401702881,
            12.649070777893066,
            -100.0,
            -73.07259658813477,
            1.0891372058829483
        ],
        "q10": [
            -9.162867546081543,
            -99.34346447631016,
            46.075591990152994,
            -99.8318567720571,
            -62.91193420410156,
            1.0962656381178875
        ],
        "q50": [
            -5.839467525482178,
            -98.73681365966797,
            99.90837261802272,
            -99.39761888658678,
            -59.19163513183594,
            35.392852783203125
        ],
        "q90": [
            0.5168962478637695,
            24.840775146484376,
            99.9222183789705,
            -57.63355301679191,
            -41.859163983662924,
            38.45222778320313
        ],
        "q99": [
            6.504444885253906,
            28.82470105670747,
            99.92533367518375,
            -22.689983825683594,
            -41.74759805297852,
            54.35680499485561
        ]
    },
    "observation.state": {
        "min": [
            -10.052513122558594,
            -99.32913970947266,
            9.469868659973145,
            -98.77889251708984,
            -72.94261169433594,
            1.3342227935791016
        ],
        "max": [
            7.05176305770874,
            29.308176040649414,
            99.90937805175781,
            -20.715219497680664,
            -41.880340576171875,
            54.5697135925293
        ],
        "mean": [
            -5.449265480041504,
            -50.59074020385742,
            80.87471771240234,
            -82.35660552978516,
            -54.83334732055664,
            25.827110290527344
        ],
        "std": [
            3.4950976371765137,
            57.18562698364258,
            24.249588012695312,
            20.15532875061035,
            8.152177810668945,
            16.456012725830078
        ],
        "count": [
            706
        ],
        "q01": [
            -9.603927347660065,
            -99.32913970947266,
            13.902489681243896,
            -98.77889251708984,
            -72.84905364990234,
            1.3982535784631163
        ],
        "q10": [
            -9.150091552734375,
            -99.32913970947266,
            48.07013572291324,
            -98.77889251708984,
            -62.8348003540039,
            1.4028246196540626
        ],
        "q50": [
            -5.7730231285095215,
            -99.15484888413373,
            99.71267223358154,
            -98.59385489186933,
            -59.0702018737793,
            35.35793242277922
        ],
        "q90": [
            0.14916172027587887,
            25.130916411301186,
            99.81093323738344,
            -56.56656083638689,
            -41.885890564737444,
            37.82608337402344
        ],
        "q99": [
            6.603426666259765,
            29.22692479133606,
            99.81834868104997,
            -24.97842987060547,
            -41.88089557502843,
            54.44099401059358
        ]
    },
    "observation.images.front": {
        "min": [
            [
                [
                    0.0
                ]
            ],
            [
                [
                    0.0
                ]
            ],
            [
                [
                    0.0
                ]
            ]
        ],
        "max": [
            [
                [
                    1.0
                ]
            ],
            [
                [
                    1.0
                ]
            ],
            [
                [
                    1.0
                ]
            ]
        ],
        "mean": [
            [
                [
                    0.32500044524730304
                ]
            ],
            [
                [
                    0.3210697296147409
                ]
            ],
            [
                [
                    0.29462381726767983
                ]
            ]
        ],
        "std": [
            [
                [
                    0.0
                ]
            ],
            [
                [
                    0.0
                ]
            ],
            [
                [
                    0.0
                ]
            ]
        ],
        "count": [
            136
        ],
        "q01": [
            [
                [
                    0.007824473150035672
                ]
            ],
            [
                [
                    0.023474643062932003
                ]
            ],
            [
                [
                    -3.9215686274509807e-13
                ]
            ]
        ],
        "q10": [
            [
                [
                    0.06661081522974652
                ]
            ],
            [
                [
                    0.06660053845338353
                ]
            ],
            [
                [
                    0.03937236842069135
                ]
            ]
        ],
        "q50": [
            [
                [
                    0.1961561141816349
                ]
            ],
            [
                [
                    0.227498199859846
                ]
            ],
            [
                [
                    0.22740116279048384
                ]
            ]
        ],
        "q90": [
            [
                [
                    0.7215929280650167
                ]
            ],
            [
                [
                    0.7332588471285613
                ]
            ],
            [
                [
                    0.7373332010321368
                ]
            ]
        ],
        "q99": [
            [
                [
                    0.8196353133517492
                ]
            ],
            [
                [
                    0.8274514843489608
                ]
            ],
            [
                [
                    0.8941755787281506
                ]
            ]
        ]
    },
    "timestamp": {
        "min": [
            0.0
        ],
        "max": [
            23.5
        ],
        "mean": [
            11.75
        ],
        "std": [
            6.793481352656302
        ],
        "count": [
            706
        ],
        "q01": [
            0.23058199990196235
        ],
        "q10": [
            2.334019999919864
        ],
        "q50": [
            11.735899999999878
        ],
        "q90": [
            21.165980000080136
        ],
        "q99": [
            23.269418000098035
        ]
    },
    "frame_index": {
        "min": [
            0
        ],