{
    "action": {
        "min": [
            -14.19068717956543,
            -100.0,
            39.08306884765625,
            -100.0,
            -59.821895599365234,
            0.0
        ],
        "max": [
            -1.3303769826889038,
            36.33333206176758,
            100.0,
            -26.070039749145508,
            -51.02147674560547,
            53.4847297668457
        ],
        "mean": [
            -4.159748077392578,
            -51.819400787353516,
            80.51773071289062,
            -84.5803451538086,
            -55.251747131347656,
            32.50605392456055
        ],
        "std": [
            2.463458299636841,
            57.480403900146484,
            23.251659393310547,
            18.934818267822266,
            3.4397366046905518,
            14.220209121704102
        ],
        "count": [
            405
        ],
        "q01": [
            -13.156589651107788,
            -99.83067672729493,
            39.35430207252502,
            -100.0,
            -59.821895599365234,
            2.3432242926684292
        ],
        "q10": [
            -6.282881736755371,
            -99.34385295246922,
            44.7056999206543,
            -99.74698273679043,
            -59.71667504310608,
            2.350313412059437
        ],
        "q50": [
            -3.0287251472473145,
            -98.91298416682652,
            99.18066787719727,
            -99.64559032298901,
            -53.74533067622655,
            35.31854945215686
        ],
        "q90": [
            -2.14493536367649,
            32.338768005371094,
            99.91231075286865,
            -68.2618637084961,
            -51.23216018676758,
            53.47488420659845
        ],
        "q99": [
            -1.919506883621216,
            35.92296829223633,
            99.91453270339966,
            -26.4103645324707,
            -51.02266635894775,
            53.48374521082098
        ]
    },
    "observation.state": {
        "min": [
            -14.028507232666016,
            -99.41299438476562,
            40.55278778076172,
            -98.77889251708984,
            -59.658119201660156,
            1.4009339809417725
        ],
        "max": [
            -1.575393795967102,
            36.60377502441406,
            99.72813415527344,
            -26.733537673950195,
            -49.64590835571289,
            53.23548889160156
        ],
        "mean": [
            -4.163258075714111,
            -51.32490921020508,
            80.86995697021484,
            -83.90245056152344,
            -55.221527099609375,
            31.893173217773438
        ],
        "std": [
            2.371398687362671,
            57.99695587158203,
            22.668542861938477,
            18.429990768432617,
            3.4812204837799072,
            13.74565601348877
        ],
        "count": [
            405
        ],
        "q01": [
            -13.129268074035645,
            -99.33137027495498,
            40.63977451324463,
            -98.77889251708984,
            -59.658119201660156,
            2.459568238258362
        ],
        "q10": [
            -6.301350355148315,
            -99.32227489926399,
            45.54422855377197,
            -98.77889251708984,
            -59.658119201660156,
            2.538133452578289
        ],
        "q50": [
            -2.852193968636649,
            -98.81614780426025,
            99.0949592590332,
            -98.59201401420262,
            -53.65226628703456,
            35.42051326527315
        ],
        "q90": [
            -2.3265238602956138,
            34.31928618057914,
            99.72573793411254,
            -67.73454666137695,
            -51.20904134354502,
            47.09309387207031
        ],
        "q99": [
            -2.0984871625900268,
            36.58803416660854,
            99.72789453315735,
            -27.08007354736328,
            -50.915558624267575,
            53.234040898290175
        ]
    },
    "observation.images.front": {
        "min": [
            [
                [
                    0.0
                ]
            ],
            [
                [
                    0.0
                ]
            ],
            [
                [
                    0.0
                ]
            ]
        ],
        "max": [
            [
                [
                    1.0
                ]
            ],
            [
                [
                    1.0
                ]
            ],
            [
                [
                    1.0
                ]
            ]
        ],
        "mean": [
            [
                [
                    0.3243796064013841
                ]
            ],
            [
                [
                    0.3129009707804691
                ]
            ],
            [
                [
                    0.28318969867358706
                ]
            ]
        ],
        "std": [
            [
                [
                    0.0
                ]
            ],
            [
                [
                    0.0
                ]
            ],
            [
                [
                    0.0
                ]
            ]
        ],
        "count": [
            100
        ],
        "q01": [
            [
                [
                    0.0038242116905568124
                ]
            ],
            [
                [
                    0.019601589899085455
                ]
            ],
            [
                [
                    -3.9215686274509807e-13
                ]
            ]
        ],
        "q10": [
            [
                [
                    0.05498731755389159
                ]
            ],
            [
                [
                    0.054947482888411885
                ]
            ],
            [
                [
                    0.03534517233960558
                ]
            ]
        ],
        "q50": [
            [
                [
                    0.21176972740293026
                ]
            ],
            [
                [
                    0.21169603801146974
                ]
            ],
            [
                [
                    0.19218060089382238
                ]
            ]
        ],
        "q90": [
            [
                [
                    0.7255279056220818
                ]
            ],
            [
                [
                    0.7333277620869083
                ]
            ],
            [
                [
                    0.7333887912089742
                ]
            ]
        ],
        "q99": [
            [
                [
                    0.831310939358167
                ]
            ],
            [
                [
                    0.8471511779044151
                ]
            ],
            [
                [
                    0.9137530652607068
                ]
            ]
        ]
    },
    "timestamp": {
        "min": [
            0.0
        ],
        "max": [
            13.466666666666667
        ],
        "mean": [
            6.733333333333333
        ],
        "std": [
            3.8971024373766987
        ],
        "count": [
            405
        ],
        "q01": [
            0.13210799990196198
        ],
        "q10": [
            1.3345466665864865
        ],
        "q50": [
            6.73468000000002
        ],
        "q90": [
            12.13212000008018
        ],
        "q99": [
            13.334558666764703
        ]
    },