{
    "action": {
        "min": [
            -19.068737030029297,
            -100.0,
            45.347251892089844,
            -100.0,
            -55.10738754272461,
            0.8613938689231873
        ],
        "max": [
            9.312638282775879,
            44.83333206176758,
            100.0,
            -27.712926864624023,
            -44.05447769165039,
            53.40642166137695
        ],
        "mean": [
            -3.9910101890563965,
            -46.76279067993164,
            82.46858978271484,
            -95.4559097290039,
            -49.64127731323242,
            27.67171287536621
        ],
        "std": [
            5.304659843444824,
            64.6561508178711,
            21.185760498046875,
            13.103367805480957,
            3.7770185470581055,
            15.722555160522461
        ],
        "count": [
            626
        ],
        "q01": [
            -19.068737030029297,
            -99.42016742960612,
            45.43813886642456,
            -99.9265029711601,
            -55.10738754272461,
            1.093835567633311
        ],
        "q10": [
            -9.4610746383667,
            -99.16672490437826,
            49.7916145324707,
            -99.83664891339731,
            -54.74253950852614,
            1.1686650197482804
        ],
        "q50": [
            -4.361154556274414,
            -98.64874329438081,
            99.81739403219784,
            -99.57054814425382,
            -51.073811848958336,
            36.10654691370522
        ],
        "q90": [
            3.547812271118164,
            43.82844487970526,
            99.91036682128906,
            -91.43542785644532,
            -44.47356848144531,
            36.56910362243652
        ],
        "q99": [
            9.235636825561523,
            44.670246276855465,
            99.91243236157717,
            -28.396184539794923,
            -44.05486176172892,
            53.25481937408447
        ]
    },
    "observation.state": {
        "min": [
            -19.354839324951172,
            -99.16142272949219,
            46.352516174316406,
            -98.60444641113281,
            -71.37973022460938,
            1.3342227935791016
        ],
        "max": [
            9.227306365966797,
            44.98951721191406,
            100.0,
            -28.652420043945312,
            -44.17582321166992,
            53.10206985473633
        ],
        "mean": [
            -4.070546627044678,
            -46.258121490478516,
            82.69788360595703,
            -94.62635040283203,
            -49.87761306762695,
            27.73963165283203
        ],
        "std": [
            5.2327141761779785,
            65.39767456054688,
            20.99616241455078,
            12.677566528320312,
            4.175267696380615,
            15.494485855102539
        ],
        "count": [
            626
        ],
        "q01": [
            -18.908215312957765,
            -99.16142272949219,
            46.352516174316406,
            -98.60444641113281,
            -57.06906120300293,
            1.3342227935791016
        ],
        "q10": [
            -9.153680992126464,
            -99.10119032505581,
            50.0713607788086,
            -98.60444641113281,
            -54.77439323772084,
            1.533352925851173
        ],
        "q50": [
            -4.427898070391486,
            -98.9948484632704,
            99.72320616479014,
            -98.50685046532911,
            -51.15705539869226,
            36.02402779225553
        ],
        "q90": [
            2.8500572204589845,
            44.910125497671274,
            99.9104230946508,
            -91.97404136657715,
            -44.56551560382454,
            36.6862744140625
        ],
        "q99": [
            8.928565559387208,
            44.985318773846295,
            99.91389887053391,
            -29.257643432617186,
            -44.176998272599846,
            53.09825607748593
        ]
    },
    "observation.images.front": {
        "min": [
            [
                [
                    0.0
                ]
            ],
            [
                [
                    0.0
                ]
            ],
            [
                [
                    0.0
                ]
            ]
        ],
        "max": [
            [
                [
                    1.0
                ]
            ],
            [
                [
                    1.0
                ]
            ],
            [
                [
                    1.0
                ]
            ]
        ],
        "mean": [
            [
                [
                    0.328197491349481
                ]
            ],
            [
                [
                    0.3128397673971549
                ]
            ],
            [
                [
                    0.2804781968473664
                ]
            ]
        ],
        "std": [
            [
                [
                    0.0
                ]
            ],
            [
                [
                    0.0
                ]
            ],
            [
                [
                    0.0
                ]
            ]
        ],
        "count": [
            125
        ],
        "q01": [
            [
                [
                    -3.9215686274509807e-13
                ]
            ],
            [
                [
                    0.015618617055497278
                ]
            ],
            [
                [
                    -3.9215686274509807e-13
                ]
            ]
        ],
        "q10": [
            [
                [
                    0.02354106088565091
                ]
            ],
            [
                [
                    0.03932309532989873
                ]
            ],
            [
                [
                    0.02757082917812145
                ]
            ]
        ],
        "q50": [
            [
                [
                    0.2508190234111758
                ]
            ],
            [
                [
                    0.21576613017729185
                ]
            ],
            [
                [
                    0.1686261476310291
                ]
            ]
        ],
        "q90": [
            [
                [
                    0.7373238755168405
                ]
            ],
            [
                [
                    0.752815215862946
                ]
            ],
            [
                [
                    0.7646046646108474
                ]
            ]
        ],
        "q99": [
            [
                [
                    0.8588074741110423
                ]
            ],
            [
                [
                    0.8705861559142691
                ]
            ],
            [
                [
                    0.9372282902832457
                ]
            ]
        ]
    },
    "timestamp": {
        "min": [
            0.0
        ],
        "max": [
            20.833333333333332
        ],
        "mean": [
            10.416666666666664
        ],
        "std": [
            6.023680122833737
        ],
        "count": [
            626
        ],
        "q01": [
            0.2010833332352637
        ],
        "q10": [
            2.06916666658653
        ],
        "q50": [
            10.404166666666544
        ],
        "q90": [
            18.7641666667468
        ],
        "q99": [
            20.632250000098068
        ]
    },