{
    "action": {
        "min": [
            -20.842571258544922,
            -100.0,
            30.18610954284668,
            -100.0,
            -71.5557861328125,
            0.0
        ],
        "max": [
            16.038433074951172,
            55.91666793823242,
            100.0,
            -32.90099334716797,
            -37.50654983520508,
            64.68285369873047
        ],
        "mean": [
            0.42502444982528687,
            -65.60298919677734,
            83.62411499023438,
            -95.9840087890625,
            -50.757659912109375,
            24.55965805053711
        ],
        "std": [
            6.48685884475708,
            59.42369842529297,
            24.948766708374023,
            10.7223482131958,
            7.131165027618408,
            18.386280059814453
        ],
        "count": [
            850
        ],
        "q01": [
            -20.61944055557251,
            -99.48881830487933,
            32.818092346191406,
            -100.0,
            -71.5557861328125,
            1.0869880681647395
        ],
        "q10": [
            -5.168144226074219,
            -98.93854909757289,
            39.087379455566406,
            -100.0,
            -58.51208972930908,
            1.0907085542392014
        ],
        "q50": [
            1.849877301384421,
            -98.6722476356908,
            99.90498860194516,
            -99.65531515038532,
            -48.87410826602225,
            33.986311531066896
        ],
        "q90": [
            2.369718074798584,
            49.99703470865885,
            99.91399620968205,
            -90.14915787546258,
            -45.78481433266088,
            35.32977294921875
        ],
        "q99": [
            15.813766638437906,
            55.89773409707205,
            99.91602292142285,
            -34.62543869018555,
            -37.768728256225586,
            64.44352722167969
        ]
    },
    "observation.state": {
        "min": [
            -21.23030662536621,
            -99.24528503417969,
            30.222021102905273,
            -98.6916732788086,
            -71.37973022460938,
            1.3342227935791016
        ],
        "max": [
            15.978994369506836,
            56.39413070678711,
            99.81875610351562,
            -33.71129608154297,
            -37.38705825805664,
            64.37625122070312
        ],
        "mean": [
            0.4198448359966278,
            -65.36837005615234,
            83.6597900390625,
            -95.16046142578125,
            -50.683258056640625,
            24.70138931274414
        ],
        "std": [
            6.474112510681152,
            60.10889434814453,
            24.769256591796875,
            10.3846435546875,
            6.965210914611816,
            18.239580154418945
        ],
        "count": [
            850
        ],
        "q01": [
            -20.559298833211262,
            -99.24528503417969,
            33.207719802856445,
            -98.6916732788086,
            -71.37973022460938,
            1.3342227935791016
        ],
        "q10": [
            -5.021934509277344,
            -99.16905336963887,
            39.01905059814453,
            -98.6916732788086,
            -58.33847653135962,
            1.3342227935791016
        ],
        "q50": [
            1.8751184145609539,
            -98.74672786525038,
            99.80558392836947,
            -98.51080338050579,
            -48.864884161180065,
            34.08656172318892
        ],
        "q90": [
            2.328761577606201,
            51.973968505859375,
            99.81612166848639,
            -90.76052301580256,
            -46.030858290822884,
            35.222815619574654
        ],
        "q99": [
            15.823458099365235,
            56.38559667525753,
            99.81849266001271,
            -35.45926856994629,
            -37.82386589050293,
            64.37029944525824
        ]
    },
    "observation.images.front": {
        "min": [
            [
                [
                    0.0
                ]
            ],
            [
                [
                    0.0
                ]
            ],
            [
                [
                    0.0
                ]
            ]
        ],
        "max": [
            [
                [
                    1.0
                ]
            ],
            [
                [
                    1.0
                ]
            ],
            [
                [
                    1.0
                ]
            ]
        ],
        "mean": [
            [
                [
                    0.33726019910274585
                ]
            ],
            [
                [
                    0.32092641518328324
                ]
            ],
            [
                [
                    0.28709070433468753
                ]
            ]
        ],
        "std": [
            [
                [
                    0.0
                ]
            ],
            [
                [
                    0.0
                ]
            ],
            [
                [
                    0.0
                ]
            ]
        ],
        "count": [
            157
        ],
        "q01": [
            [
                [
                    -3.9215686274509807e-13
                ]
            ],
            [
                [
                    0.015621836204482023
                ]
            ],
            [
                [
                    -3.9215686274509807e-13
                ]
            ]
        ],
        "q10": [
            [
                [
                    0.03538260869528776
                ]
            ],
            [
                [
                    0.04715004853196064
                ]
            ],
            [
                [
                    0.03520251783952825
                ]
            ]
        ],
        "q50": [
            [
                [
                    0.2549971252564813
                ]
            ],
            [
                [
                    0.2275980089316806
                ]
            ],
            [
                [
                    0.18431195566087666
                ]
            ]
        ],
        "q90": [
            [
                [
                    0.7450615646565233
                ]
            ],
            [
                [
                    0.7606524020297845
                ]
            ],
            [
                [
                    0.7724743878024622
                ]
            ]
        ],
        "q99": [
            [
                [
                    0.8667950339584511
                ]
            ],
            [
                [
                    0.8981186081196162
                ]
            ],
            [
                [
                    0.9687338566041411
                ]
            ]
        ]
    },
    "timestamp": {
        "min": [
            0.0
        ],
        "max": [
            28.3
        ],
        "mean": [
            14.15
        ],
        "std": [
            8.179123153220983
        ],
        "count": [
            850
        ],
        "q01": [
            0.26884999990189995
        ],
        "q10": [
            2.8016999999197996
        ],
        "q50": [
            14.138679999999919
        ],
        "q90": [
            25.47000000008
        ],
        "q99": [
            28.031150000098098
        ]
    },
    "frame_index": {
        "min": [
            0
        ],