{
    "action": {
        "min": [
            -14.412416458129883,
            -99.25,
            27.55333709716797,
            -100.0,
            -99.47616577148438,
            0.15661707520484924
        ],
        "max": [
            8.203990936279297,
            61.58333206176758,
            100.0,
            8.862948417663574,
            -46.62126922607422,
            34.76898956298828
        ],
        "mean": [
            2.149049997329712,
            -62.99391174316406,
            85.90928649902344,
            -73.34074401855469,
            -67.24142456054688,
            20.261859893798828
        ],
        "std": [
            5.1732072830200195,
            61.92242431640625,
            24.434423446655273,
            43.35934829711914,
            23.546310424804688,
            13.425466537475586
        ],
        "count": [
            848
        ],
        "q01": [
            -14.412416458129883,
            -99.25,
            28.09292037963867,
            -100.0,
            -99.3230987548828,
            0.9398923244476318
        ],
        "q10": [
            1.036794865131378,
            -99.25,
            39.54760513305664,
            -100.0,
            -99.21942856445312,
            6.415233651211388
        ],
        "q50": [
            2.5112032137419047,
            -98.83183288574219,
            99.90259345952612,
            -99.66420634199933,
            -50.605564464222304,
            31.945537475218256
        ],
        "q90": [
            6.284889389038086,
            56.41416015625,
            99.91156135057881,
            2.289804840087891,
            -47.51768798828125,
            33.43505446822555
        ],
        "q99": [
            7.980178680419922,
            61.492943115234375,
            99.99561213902065,
            8.604507598876953,
            -46.62598701878598,
            34.37967071533203
        ]
    },
    "observation.state": {
        "min": [
            -14.778695106506348,
            -99.07756805419922,
            28.862709045410156,
            -98.6916732788086,
            -87.93650817871094,
            1.3342227935791016
        ],
        "max": [
            8.027007102966309,
            61.25786209106445,
            100.0,
            8.678586959838867,
            -35.82417678833008,
            34.48965835571289
        ],
        "mean": [
            2.09566068649292,
            -61.51607131958008,
            85.68506622314453,
            -72.3782958984375,
            -62.962284088134766,
            20.55488395690918
        ],
        "std": [
            5.137350559234619,
            62.40486526489258,
            24.31133460998535,
            42.88605499267578,
            18.216854095458984,
            13.238744735717773
        ],
        "count": [
            848
        ],
        "q01": [
            -14.55142884572347,
            -99.07756805419922,
            28.95632595062256,
            -98.6916732788086,
            -87.93650817871094,
            1.3342227935791016
        ],
        "q10": [
            0.9710981166109126,
            -99.07756805419922,
            39.20464744567871,
            -98.51568310734939,
            -87.89330282540156,
            6.600071451697551
        ],
        "q50": [
            2.2505634207474556,
            -98.90603589254712,
            99.72303873697916,
            -98.4271338059127,
            -50.720919926961265,
            32.08326838566707
        ],
        "q90": [
            6.300681441170829,
            57.565020446777346,
            99.99078928241293,
            3.185523986816407,
            -47.10962142944336,
            33.622331869942805
        ],
        "q99": [
            7.878801231384277,
            61.235199178059894,
            99.99907892824129,
            8.490904998779296,
            -46.86194853838752,
            34.2887632446289
        ]
    },
    "observation.images.front": {
        "min": [
            [
                [
                    0.0
                ]
            ],
            [
                [
                    0.0
                ]
            ],
            [
                [
                    0.0
                ]
            ]
        ],
        "max": [
            [
                [
                    1.0
                ]
            ],
            [
                [
                    1.0
                ]
            ],
            [
                [
                    1.0
                ]
            ]
        ],
        "mean": [
            [
                [
                    0.3350032569540867
                ]
            ],
            [
                [
                    0.32153282697492636
                ]
            ],
            [
                [
                    0.2895819803505266
                ]
            ]
        ],
        "std": [
            [
                [
                    0.0
                ]
            ],
            [
                [
                    0.0
                ]
            ],
            [
                [
                    0.0
                ]
            ]
        ],
        "count": [
            157
        ],
        "q01": [
            [
                [
                    -3.9215686274509807e-13
                ]
            ],
            [
                [
                    0.01572867486537455
                ]
            ],
            [
                [
                    -3.9215686274509807e-13
                ]
            ]
        ],
        "q10": [
            [
                [
                    0.0508085644082121
                ]
            ],
            [
                [
                    0.05499071416755465
                ]
            ],
            [
                [
                    0.039272829349277324
                ]
            ]
        ],
        "q50": [
            [
                [
                    0.23933093511955325
                ]
            ],
            [
                [
                    0.2196327293408055
                ]
            ],
            [
                [
                    0.18433166293785827
                ]
            ]
        ],
        "q90": [
            [
                [
                    0.7410062995287274
                ]
            ],
            [
                [
                    0.7491155378488009
                ]
            ],
            [
                [
                    0.7569686057850569
                ]
            ]
        ],
        "q99": [
            [
                [
                    0.8666010281283185
                ]
            ],
            [
                [
                    0.8823863958516395
                ]
            ],
            [
                [
                    0.9491576847548742
                ]
            ]
        ]
    },
    "timestamp": {
        "min": [
            0.0
        ],
        "max": [
            28.233333333333334
        ],
        "mean": [
            14.116666666666667
        ],
        "std": [
            8.159878130898223
        ],
        "count": [
            848
        ],
        "q01": [
            0.2681037332352325
        ],
        "q10": [
            2.7996173332531655
        ],
        "q50": [
            14.105373333333253
        ],
        "q90": [
            25.433716000080167
        ],
        "q99": [
            27.9652296000981
        ]
    },
    "frame_index": {
        "min": [
            0
        ],