{
    "action": {
        "min": [
            -12.860310554504395,
            -100.0,
            44.89332580566406,
            -100.0,
            -61.707698822021484,
            0.0
        ],
        "max": [
            9.534368515014648,
            43.16666793823242,
            99.90921783447266,
            -16.731517791748047,
            -38.34468460083008,
            64.21299743652344
        ],
        "mean": [
            -3.931407928466797,
            -39.350440979003906,
            82.92198944091797,
            -93.46829986572266,
            -50.71471405029297,
            32.62656784057617
        ],
        "std": [
            4.422285556793213,
            62.6615104675293,
            18.188976287841797,
            16.497129440307617,
            6.0468549728393555,
            13.991347312927246
        ],
        "count": [
            729
        ],
        "q01": [
            -12.788237337875366,
            -99.91748889923096,
            47.70232639312744,
            -100.0,
            -61.65562200546265,
            1.0941371311964811
        ],
        "q10": [
            -8.868700584411622,
            -99.24591876438686,
            49.43337421417236,
            -99.83017159356011,
            -57.150136947631836,
            1.1785675931395145
        ],
        "q50": [
            -5.320478901571157,
            -72.58358383178711,
            82.57095718383789,
            -99.66132709544192,
            -52.696584701538086,
            35.39451193809509
        ],
        "q90": [
            2.4357039451599123,
            39.9889453125,
            99.90665548403804,
            -79.51428756713867,
            -40.33793404523064,
            37.822737503051755
        ],
        "q99": [
            7.5399448013305665,
            42.833236389160156,
            99.90896159942919,
            -17.25261520385742,
            -38.39762125015259,
            64.05511005401611
        ]
    },
    "observation.state": {
        "min": [
            -13.053263664245605,
            -99.49685668945312,
            46.352516174316406,
            -98.77889251708984,
            -61.61172103881836,
            1.4009339809417725
        ],
        "max": [
            8.70217514038086,
            43.563941955566406,
            99.81875610351562,
            -17.226341247558594,
            -38.412696838378906,
            63.909271240234375
        ],
        "mean": [
            -3.98185658454895,
            -38.90251922607422,
            83.16000366210938,
            -92.52264404296875,
            -50.817832946777344,
            32.68372344970703
        ],
        "std": [
            4.375002384185791,
            63.349281311035156,
            17.962661743164062,
            16.005765914916992,
            6.031128406524658,
            13.80465030670166
        ],
        "count": [
            729
        ],
        "q01": [
            -12.675748739242554,
            -99.43822267651558,
            47.98478673934937,
            -98.77889251708984,
            -61.46780868305879,
            1.4009339809417725
        ],
        "q10": [
            -8.853076290634442,
            -99.42355769872665,
            49.258315626780195,
            -98.77889251708984,
            -57.1668790435791,
            1.5356464460160997
        ],
        "q50": [
            -5.400787949562073,
            -72.90900802612305,
            82.78428132193429,
            -98.25320751997677,
            -52.919974899291994,
            35.363608382700626
        ],
        "q90": [
            1.878364658355713,
            40.279602452328334,
            99.81467354659635,
            -80.03648529052734,
            -40.511279296875,
            38.68215827941894
        ],
        "q99": [
            7.652301807403565,
            43.546556606292725,
            99.8183478478237,
            -18.699012908935547,
            -38.41468601002413,
            63.905896034240726
        ]
    },
    "observation.images.front": {
        "min": [
            [
                [
                    0.0
                ]
            ],
            [
                [
                    0.0
                ]
            ],
            [
                [
                    0.0
                ]
            ]
        ],
        "max": [
            [
                [
                    1.0
                ]
            ],
            [
                [
                    1.0
                ]
            ],
            [
                [
                    1.0
                ]
            ]
        ],
        "mean": [
            [
                [
                    0.3275326196655133
                ]
            ],
            [
                [
                    0.31637669920909545
                ]
            ],
            [
                [
                    0.28360455113417915
                ]
            ]
        ],
        "std": [
            [
                [
                    0.0
                ]
            ],
            [
                [
                    0.0
                ]
            ],
            [
                [
                    0.0
                ]
            ]
        ],
        "count": [
            140
        ],
        "q01": [
            [
                [
                    -3.9215686274509807e-13
                ]
            ],
            [
                [
                    0.015709736752910746
                ]
            ],
            [
                [
                    -3.9215686274509807e-13
                ]
            ]
        ],
        "q10": [
            [
                [
                    0.043114484090687966
                ]
            ],
            [
                [
                    0.05094004609833312
                ]
            ],
            [
                [
                    0.03531158100413035
                ]
            ]
        ],
        "q50": [
            [
                [
                    0.21569833027060864
                ]
            ],
            [
                [
                    0.20787437828597236
                ]
            ],
            [
                [
                    0.18038574977934377
                ]
            ]
        ],
        "q90": [
            [
                [
                    0.7411525652773306
                ]
            ],
            [
                [
                    0.7528215973331449
                ]
            ],
            [
                [
                    0.7529991834172838
                ]
            ]
        ],
        "q99": [
            [
                [
                    0.847114745762984
                ]
            ],
            [
                [
                    0.8627350325689619
                ]
            ],
            [
                [
                    0.9333393009381062
                ]
            ]
        ]
    },
    "timestamp": {
        "min": [
            0.0
        ],
        "max": [
            24.266666666666666
        ],
        "mean": [
            12.133333333333335
        ],
        "std": [
            7.014799170853534
        ],
        "count": [
            729
        ],
        "q01": [
            0.2343674665685982
        ],
        "q10": [
            2.401914666586462
        ],
        "q50": [
            12.135760000000015
        ],
        "q90": [
            21.8647520000802
        ],
        "q99": [
            24.032299200098066
        ]
    },