{
    "action": {
        "min": [
            -12.416851043701172,
            -99.66666412353516,
            37.44893264770508,
            -99.91352844238281,
            -62.80775451660156,
            0.3915426731109619
        ],
        "max": [
            3.991130828857422,
            42.0,
            100.0,
            -16.645050048828125,
            -39.339969635009766,
            43.22631072998047
        ],
        "mean": [
            -5.275068759918213,
            -46.868812561035156,
            80.62994384765625,
            -90.86886596679688,
            -52.00640106201172,
            27.188011169433594
        ],
        "std": [
            3.3705523014068604,
            60.97886276245117,
            22.921785354614258,
            16.734310150146484,
            9.267152786254883,
            15.681299209594727
        ],
        "count": [
            452
        ],
        "q01": [
            -11.752261810302734,
            -99.18382697433722,
            37.54601211547852,
            -99.91352844238281,
            -62.80775451660156,
            1.0949197107202866
        ],
        "q10": [
            -7.982420825958252,
            -99.16493039991035,
            46.794337802463104,
            -99.74504691598496,
            -62.65239715576172,
            1.1724797817376944
        ],
        "q50": [
            -6.4295783042907715,
            -98.9056416561729,
            99.90019079483233,
            -99.73049996786071,
            -49.81907603615209,
            35.86672693888347
        ],
        "q90": [
            -0.0741107940673828,
            34.41252386910575,
            99.91006942815656,
            -78.19735085623604,
            -39.44591498741737,
            36.9636223929269
        ],
        "q99": [
            3.9164410400390626,
            41.843587951660155,
            99.91229212065451,
            -18.80203369140625,
            -39.393025299072264,
            42.9167862701416
        ]
    },
    "observation.state": {
        "min": [
            -12.078019142150879,
            -99.32913970947266,
            39.10285568237305,
            -98.77889251708984,
            -62.735042572021484,
            1.4009339809417725
        ],
        "max": [
            3.900975227355957,
            42.38993835449219,
            99.72813415527344,
            -19.494112014770508,
            -39.53601837158203,
            42.895263671875
        ],
        "mean": [
            -5.261266231536865,
            -46.489707946777344,
            80.85685729980469,
            -90.30157470703125,
            -51.93798065185547,
            27.180795669555664
        ],
        "std": [
            3.307879686355591,
            61.511817932128906,
            22.426408767700195,
            16.04663848876953,
            9.290228843688965,
            15.38985538482666
        ],
        "count": [
            452
        ],
        "q01": [
            -11.553077449798584,
            -99.32913970947266,
            39.10285568237305,
            -98.77889251708984,
            -62.735042572021484,
            1.4009339809417725
        ],
        "q10": [
            -7.800875929423741,
            -99.32913970947266,
            47.61760745578342,
            -98.77889251708984,
            -62.58803454983619,
            1.4009339809417725
        ],
        "q50": [
            -6.525851249694824,
            -98.75710712779652,
            99.71626598804028,
            -98.68391911188762,
            -49.69420732770647,
            35.81944274902344
        ],
        "q90": [
            -0.1504453659057617,
            34.75608323530717,
            99.7257605218268,
            -77.75269565582275,
            -39.58485557214538,
            37.09269714355469
        ],
        "q99": [
            3.8247882461547853,
            42.32305328369141,
            99.72789679192877,
            -20.977051391601563,
            -39.53811505126953,
            42.891854372891515
        ]
    },
    "observation.images.front": {
        "min": [
            [
                [
                    0.0
                ]
            ],
            [
                [
                    0.0
                ]
            ],
            [
                [
                    0.0
                ]
            ]
        ],
        "max": [
            [
                [
                    1.0
                ]
            ],
            [
                [
                    1.0
                ]
            ],
            [
                [
                    1.0
                ]
            ]
        ],
        "mean": [
            [
                [
                    0.34302401480199923
                ]
            ],
            [
                [
                    0.32448632016532103
                ]
            ],
            [
                [
                    0.29070154748173777
                ]
            ]
        ],
        "std": [
            [
                [
                    0.0
                ]
            ],
            [
                [
                    0.0
                ]
            ],
            [
                [
                    0.0
                ]
            ]
        ],
        "count": [
            100
        ],
        "q01": [
            [
                [
                    -3.9215686274509807e-13
                ]
            ],
            [
                [
                    0.01567672067542681
                ]
            ],
            [
                [
                    -3.9215686274509807e-13
                ]
            ]
        ],
        "q10": [
            [
                [
                    0.0549512165691261
                ]
            ],
            [
                [
                    0.05881752339999154
                ]
            ],
            [
                [
                    0.03933963821277626
                ]
            ]
        ],
        "q50": [
            [
                [
                    0.2666154564919329
                ]
            ],
            [
                [
                    0.23135742345443974
                ]
            ],
            [
                [
                    0.20008434662128236
                ]
            ]
        ],
        "q90": [
            [
                [
                    0.7373622725257076
                ]
            ],
            [
                [
                    0.749157379462838
                ]
            ],
            [
                [
                    0.7606869771455257
                ]
            ]
        ],
        "q99": [
            [
                [
                    0.8666320320323195
                ]
            ],
            [
                [
                    0.8824000000002998
                ]
            ],
            [
                [
                    0.9529892018782895
                ]
            ]
        ]
    },
    "timestamp": {
        "min": [
            0.0
        ],
        "max": [
            15.033333333333333
        ],
        "mean": [
            7.516666666666667
        ],
        "std": [
            4.349361383518786
        ],
        "count": [
            452
        ],
        "q01": [
            0.1338567999017808
        ],
        "q10": [
            1.4979213332532613
        ],
        "q50": [
            7.5016333333331335
        ],
        "q90": [
            13.535412000080072
        ],
        "q99": [
            14.899476533431553
        ]
    },