{
    "action": {
        "min": [
            -5.986696243286133,
            -99.08333587646484,
            31.82024574279785,
            -99.65412902832031,
            -92.50917053222656,
            1.096319556236267
        ],
        "max": [
            52.99334716796875,
            -20.25,
            100.0,
            85.3869400024414,
            -47.145103454589844,
            12.842599868774414
        ],
        "mean": [
            14.402462005615234,
            -67.90765380859375,
            73.77925872802734,
            -9.37922191619873,
            -84.15736389160156,
            4.14707612991333
        ],
        "std": [
            15.712968826293945,
            27.56747817993164,
            21.384763717651367,
            68.87715911865234,
            16.036001205444336,
            4.279660701751709
        ],
        "count": [
            646
        ],
        "q01": [
            -5.986696243286133,
            -98.92487640823143,
            32.54922294616699,
            -99.65412902832031,
            -92.50917053222656,
            1.096319556236267
        ],
        "q10": [
            -5.691063660588758,
            -98.91159493266672,
            42.35538101196289,
            -99.57856857299805,
            -92.46067943167179,
            1.096319556236267
        ],
        "q50": [
            17.151709816672586,
            -62.49678611755371,
            68.5009536743164,
            30.7628173828125,
            -92.13739031011409,
            1.1759774556526772
        ],
        "q90": [
            37.61876504080636,
            -33.83140869140625,
            99.91015362209744,
            64.12202453613281,
            -47.15252441213101,
            12.685600205718494
        ],
        "q99": [
            52.400828704833984,
            -20.82335247039795,
            99.91749311235216,
            84.83848083496093,
            -47.14584555034396,
            12.764087238311767
        ]
    },
    "observation.state": {
        "min": [
            -6.001500606536865,
            -99.07756805419922,
            34.571815490722656,
            -98.6916732788086,
            -84.71306610107422,
            1.3342227935791016
        ],
        "max": [
            52.96324157714844,
            -20.251571655273438,
            100.0,
            84.99781799316406,
            -47.008548736572266,
            12.808539390563965
        ],
        "mean": [
            14.290051460266113,
            -67.83353424072266,
            74.74628448486328,
            -8.959733009338379,
            -78.15834045410156,
            4.273652076721191
        ],
        "std": [
            15.708891868591309,
            27.77812957763672,
            20.724828720092773,
            68.62052154541016,
            13.493307113647461,
            4.1998066902160645
        ],
        "count": [
            646
        ],
        "q01": [
            -5.857272930145264,
            -98.99866318569389,
            34.571815490722656,
            -98.6916732788086,
            -84.71306610107422,
            1.3342227935791016
        ],
        "q10": [
            -5.631791663169861,
            -98.98880918769426,
            43.00681686401367,
            -98.59154761015479,
            -84.71306610107422,
            1.3342227935791016
        ],
        "q50": [
            17.256742219667178,
            -62.51018714904785,
            70.00233324836282,
            30.662452697753906,
            -84.71306610107422,
            1.3342227935791016
        ],
        "q90": [
            37.659631220499676,
            -33.330380249023435,
            99.99039485237815,
            63.52083892822265,
            -47.01414863323343,
            12.541015601158142
        ],
        "q99": [
            52.14410453796387,
            -20.338209669325085,
            99.99903948523782,
            84.57679473876954,
            -47.00910872623838,
            12.808279342651367
        ]
    },
    "observation.images.wrist": {
        "min": [
            [
                [
                    0.0
                ]
            ],
            [
                [
                    0.0
                ]
            ],
            [
                [
                    0.0
                ]
            ]
        ],
        "max": [
            [
                [
                    1.0
                ]
            ],
            [
                [
                    1.0
                ]
            ],
            [
                [
                    1.0
                ]
            ]
        ],
        "mean": [
            [
                [
                    0.5694665463516135
                ]
            ],
            [
                [
                    0.5643235421772875
                ]
            ],
            [
                [
                    0.5619655107485703
                ]
            ]
        ],
        "std": [
            [
                [
                    0.0
                ]
            ],
            [
                [
                    0.0
                ]
            ],
            [
                [
                    0.0
                ]
            ]
        ],
        "count": [
            128
        ],
        "q01": [
            [
                [
                    0.09001332744892822
                ]
            ],
            [
                [
                    0.08228391828149531
                ]
            ],
            [
                [
                    0.06269577590005719
                ]
            ]
        ],
        "q10": [
            [
                [
                    0.4353216794295769
                ]
            ],
            [
                [
                    0.4117959999999307
                ]
            ],
            [
                [
                    0.36467818306940514
                ]
            ]
        ],
        "q50": [
            [
                [
                    0.5725344659378196
                ]
            ],
            [
                [
                    0.556899034714356
                ]
            ],
            [
                [
                    0.5568878929841841
                ]
            ]
        ],
        "q90": [
            [
                [
                    0.7177587679385676
                ]
            ],
            [
                [
                    0.7295016673558365
                ]
            ],
            [
                [
                    0.760694227099441
                ]
            ]
        ],
        "q99": [
            [
                [
                    0.8666973985434717
                ]
            ],
            [
                [
                    0.9765689869059561
                ]
            ],
            [
                [
                    0.9998552266505643
                ]
            ]
        ]
    },
    "observation.images.front": {
        "min": [
            [
                [
                    0.0
                ]
            ],
            [
                [
                    0.0
                ]
            ],
            [
                [
                    0.0
                ]
            ]
        ],
        "max": [
            [
                [
                    1.0
                ]
            ],
            [
                [
                    1.0
                ]
            ],
            [
                [
                    1.0
                ]
            ]
        ],