{
    "action": {
        "min": [
            -10.716925621032715,
            -100.0,
            42.805267333984375,
            -100.0,
            -57.46464157104492,
            0.0
        ],
        "max": [
            7.538802623748779,
            37.41666793823242,
            99.90921783447266,
            -27.53999137878418,
            -39.81142044067383,
            54.26781463623047
        ],
        "mean": [
            -5.735140323638916,
            -44.92551040649414,
            81.17112731933594,
            -87.00536346435547,
            -50.1130485534668,
            29.54860496520996
        ],
        "std": [
            4.007333278656006,
            61.25498580932617,
            21.338247299194336,
            16.804758071899414,
            6.150298595428467,
            15.346253395080566
        ],
        "count": [
            560
        ],
        "q01": [
            -10.716925621032715,
            -99.33765258789063,
            43.89709625244141,
            -100.0,
            -57.46464157104492,
            1.0976362439564296
        ],
        "q10": [
            -9.607890129089355,
            -99.08535339355468,
            44.71090807233538,
            -99.75018251859225,
            -56.99294815063477,
            2.346230057307652
        ],
        "q50": [
            -7.465319633483887,
            -98.82026144798766,
            97.55653381347656,
            -91.0934575398763,
            -53.27408669211648,
            35.71470953070599
        ],
        "q90": [
            1.9233407974243164,
            36.83494313557943,
            99.90682237603691,
            -62.900474548339844,
            -40.12818741798401,
            36.815284729003906
        ],
        "q99": [
            6.799080085754395,
            37.39468612670898,
            99.90897828862909,
            -28.055908203125,
            -39.81306711832682,
            54.265171283224355
        ]
    },
    "observation.state": {
        "min": [
            -10.952737808227539,
            -99.32913970947266,
            44.26823806762695,
            -98.6916732788086,
            -57.36263656616211,
            1.3342227935791016
        ],
        "max": [
            7.126781463623047,
            37.69392013549805,
            99.81875610351562,
            -28.39075469970703,
            -39.92673873901367,
            54.0360221862793
        ],
        "mean": [
            -5.78568696975708,
            -44.6920051574707,
            81.46914672851562,
            -86.32592010498047,
            -50.12321472167969,
            29.537548065185547
        ],
        "std": [
            3.973144054412842,
            61.70100784301758,
            20.961029052734375,
            16.30780029296875,
            6.061573505401611,
            15.122576713562012
        ],
        "count": [
            560
        ],
        "q01": [
            -10.653099632263183,
            -99.32913970947266,
            44.62389356994629,
            -98.6916732788086,
            -57.36263656616211,
            1.3342227935791016
        ],
        "q10": [
            -9.67866900160506,
            -99.32913970947266,
            44.723751068115234,
            -98.6916732788086,
            -57.26178787231445,
            2.527171184767538
        ],
        "q50": [
            -7.578376388549804,
            -98.81392974853516,
            97.646728515625,
            -90.31555531819662,
            -53.11176300048828,
            35.82672535494014
        ],
        "q90": [
            1.950615406036377,
            37.44727325439453,
            99.81377954101562,
            -61.44624710083008,
            -40.26848220825195,
            36.83415222167969
        ],
        "q99": [
            6.75325870513916,
            37.69112944169478,
            99.81825844726562,
            -30.227018737792967,
            -39.92813339233398,
            54.03366122436523
        ]
    },
    "observation.images.front": {
        "min": [
            [
                [
                    0.0
                ]
            ],
            [
                [
                    0.0
                ]
            ],
            [
                [
                    0.0
                ]
            ]
        ],
        "max": [
            [
                [
                    1.0
                ]
            ],
            [
                [
                    1.0
                ]
            ],
            [
                [
                    1.0
                ]
            ]
        ],
        "mean": [
            [
                [
                    0.34536948581649196
                ]
            ],
            [
                [
                    0.3276646837336811
                ]
            ],
            [
                [
                    0.2935798522307474
                ]
            ]
        ],
        "std": [
            [
                [
                    0.0
                ]
            ],
            [
                [
                    0.0
                ]
            ],
            [
                [
                    0.0
                ]
            ]
        ],
        "count": [
            115
        ],
        "q01": [
            [
                [
                    0.0038055463419730895
                ]
            ],
            [
                [
                    0.015767582884290088
                ]
            ],
            [
                [
                    0.003920581742241744
                ]
            ]
        ],
        "q10": [
            [
                [
                    0.058878741355117364
                ]
            ],
            [
                [
                    0.06262332380423076
                ]
            ],
            [
                [
                    0.043189711280972445
                ]
            ]
        ],
        "q50": [
            [
                [
                    0.28621522309694514
                ]
            ],
            [
                [
                    0.2508918312604727
                ]
            ],
            [
                [
                    0.2117634622846749
                ]
            ]
        ],
        "q90": [
            [
                [
                    0.7333501169397085
                ]
            ],
            [
                [
                    0.7411023463689042
                ]
            ],
            [
                [
                    0.7490572972974926
                ]
            ]
        ],
        "q99": [
            [
                [
                    0.8626162801276149
                ]
            ],
            [
                [
                    0.8823702691160622
                ]
            ],
            [
                [
                    0.9529987197727591
                ]
            ]
        ]
    },
    "timestamp": {
        "min": [
            0.0
        ],
        "max": [
            18.633333333333333
        ],
        "mean": [
            9.316666666666666
        ],
        "std": [
            5.388593920907795
        ],
        "count": [
            560
        ],
        "q01": [
            0.1662093332351173
        ],
        "q10": [
            1.8335199999196796
        ],
        "q50": [
            9.301759999999838
        ],
        "q90": [
            16.77000000008
        ],
        "q99": [
            18.467124000098217
        ]
    },