{
    "action": {
        "min": [
            -10.347375869750977,
            -100.0,
            40.989559173583984,
            -100.0,
            -66.00314331054688,
            0.0
        ],
        "max": [
            3.621581554412842,
            29.91666603088379,
            99.90921783447266,
            -27.453523635864258,
            -45.10214614868164,
            48.00313186645508
        ],
        "mean": [
            -3.575212001800537,
            -51.94989013671875,
            82.32292175292969,
            -82.34510803222656,
            -53.9406852722168,
            28.194673538208008
        ],
        "std": [
            3.600545883178711,
            55.56230545043945,
            21.52300453186035,
            20.291046142578125,
            7.379169940948486,
            14.729726791381836
        ],
        "count": [
            510
        ],
        "q01": [
            -10.20181941986084,
            -99.56997451782226,
            41.8981014251709,
            -100.0,
            -66.00314331054688,
            1.018170373439789
        ],
        "q10": [
            -7.98280625227021,
            -99.14845345237039,
            44.536521911621094,
            -99.83962331499372,
            -63.96159920325646,
            1.0957102314118417
        ],
        "q50": [
            -3.473850727081299,
            -98.65885925292969,
            99.89791786939578,
            -98.09444427490234,
            -48.50866190592448,
            35.318305015563965
        ],
        "q90": [
            1.330672264099121,
            27.604148864746094,
            99.90695784145728,
            -57.62889792702415,
            -45.36399627685547,
            35.787442427415115
        ],
        "q99": [
            3.6204855295327993,
            29.910041131973266,
            99.90899183517112,
            -27.621102142333985,
            -45.31117116292318,
            44.796043968200685
        ]
    },
    "observation.state": {
        "min": [
            -10.277569770812988,
            -99.24528503417969,
            43.27140808105469,
            -98.77889251708984,
            -65.81196594238281,
            1.3342227935791016
        ],
        "max": [
            3.900975227355957,
            30.482179641723633,
            99.81875610351562,
            -27.867422103881836,
            -41.880340576171875,
            43.428951263427734
        ],
        "mean": [
            -3.5975193977355957,
            -51.53647994995117,
            82.68592071533203,
            -81.68560028076172,
            -53.87130355834961,
            28.230730056762695
        ],
        "std": [
            3.613931894302368,
            56.30961227416992,
            20.954866409301758,
            19.939226150512695,
            7.423058986663818,
            14.266292572021484
        ],
        "count": [
            510
        ],
        "q01": [
            -9.602576160430909,
            -99.24528503417969,
            44.17729721069336,
            -98.77889251708984,
            -65.81196594238281,
            1.3342227935791016
        ],
        "q10": [
            -7.951816002527873,
            -99.24528503417969,
            46.177940368652344,
            -98.77889251708984,
            -63.91020075480143,
            1.3954515240409158
        ],
        "q50": [
            -3.3769904573758445,
            -99.142249073056,
            99.71776789426804,
            -98.25633239746094,
            -48.569231033325195,
            35.36322170630434
        ],
        "q90": [
            1.2013797760009766,
            28.22491455078125,
            99.81451606750488,
            -56.57002385457357,
            -45.34787445068359,
            35.497744750976565
        ],
        "q99": [
            3.6768588066101073,
            30.397637557983398,
            99.81833209991456,
            -28.123412704467775,
            -44.90577507019043,
            42.5020263671875
        ]
    },
    "observation.images.front": {
        "min": [
            [
                [
                    0.0
                ]
            ],
            [
                [
                    0.0
                ]
            ],
            [
                [
                    0.0
                ]
            ]
        ],
        "max": [
            [
                [
                    1.0
                ]
            ],
            [
                [
                    1.0
                ]
            ],
            [
                [
                    1.0
                ]
            ]
        ],
        "mean": [
            [
                [
                    0.33333062723898427
                ]
            ],
            [
                [
                    0.31965152466520785
                ]
            ],
            [
                [
                    0.28842300049944847
                ]
            ]
        ],
        "std": [
            [
                [
                    0.0
                ]
            ],
            [
                [
                    0.0
                ]
            ],
            [
                [
                    0.0
                ]
            ]
        ],
        "count": [
            107
        ],
        "q01": [
            [
                [
                    -3.9215686274509807e-13
                ]
            ],
            [
                [
                    0.015706908396566722
                ]
            ],
            [
                [
                    -3.9215686274509807e-13
                ]
            ]
        ],
        "q10": [
            [
                [
                    0.050854269449363096
                ]
            ],
            [
                [
                    0.05480049872630617
                ]
            ],
            [
                [
                    0.03522029221477094
                ]
            ]
        ],
        "q50": [
            [
                [
                    0.2353210261250678
                ]
            ],
            [
                [
                    0.22340263407666958
                ]
            ],
            [
                [
                    0.19202888634387522
                ]
            ]
        ],
        "q90": [
            [
                [
                    0.733227738194052
                ]
            ],
            [
                [
                    0.7450747357133836
                ]
            ],
            [
                [
                    0.7528580004416019
                ]
            ]
        ],
        "q99": [
            [
                [
                    0.8589449188841232
                ]
            ],
            [
                [
                    0.8784563527493441
                ]
            ],
            [
                [
                    0.9450898145028785
                ]
            ]
        ]
    },
    "timestamp": {
        "min": [
            0.0
        ],
        "max": [
            16.966666666666665
        ],
        "mean": [
            8.483333333333333
        ],
        "std": [
            4.907467854274825
        ],
        "count": [
            510
        ],
        "q01": [
            0.16661266656863058
        ],
        "q10": [
            1.6695199999196795
        ],
        "q50": [
            8.469759999999837
        ],
        "q90": [
            15.270000000079994
        ],
        "q99": [
            16.800054000098033
        ]
    },