{
    "action": {
        "min": [
            -4.582409381866455,
            -100.0,
            32.45574188232422,
            -100.0,
            -56.5217399597168,
            0.5481597781181335
        ],
        "max": [
            9.16481876373291,
            55.91666793823242,
            99.90921783447266,
            -38.6943359375,
            -48.55945587158203,
            73.0618667602539
        ],
        "mean": [
            5.25673770904541,
            -63.99324417114258,
            85.53104400634766,
            -95.64254760742188,
            -50.38896560668945,
            24.8132381439209
        ],
        "std": [
            3.9364116191864014,
            59.27897644042969,
            22.93202781677246,
            11.071897506713867,
            1.4041651487350464,
            18.231212615966797
        ],
        "count": [
            598
        ],
        "q01": [
            -4.51023925113678,
            -99.16854825337728,
            32.53833878517151,
            -99.91176626586915,
            -54.897466049194335,
            1.0126248238445108
        ],
        "q10": [
            0.29675703048706054,
            -98.98678166316105,
            42.26077880859375,
            -99.81637429630055,
            -52.06888138527094,
            1.0177263842688666
        ],
        "q50": [
            8.571093793185252,
            -98.82906455993653,
            99.89785687083929,
            -99.65445570512252,
            -49.65957768758138,
            34.071250915527344
        ],
        "q90": [
            9.090730387369792,
            51.01589904785156,
            99.90694564174598,
            -83.83737640380859,
            -48.87470369338989,
            34.92763557434082
        ],
        "q99": [
            9.093195782343546,
            55.90334742409842,
            99.90899061519998,
            -39.907942657470706,
            -48.61140520095825,
            72.98510832842659
        ]
    },
    "observation.state": {
        "min": [
            -4.876219272613525,
            -98.99371337890625,
            33.48436737060547,
            -98.77889251708984,
            -55.79975509643555,
            1.3342227935791016
        ],
        "max": [
            9.227306365966797,
            56.22641372680664,
            100.0,
            -39.55516815185547,
            -48.57143020629883,
            72.78185272216797
        ],
        "mean": [
            5.225342273712158,
            -63.68772888183594,
            85.83047485351562,
            -94.87271118164062,
            -50.43024444580078,
            24.874162673950195
        ],
        "std": [
            3.8959367275238037,
            59.81805419921875,
            22.68601417541504,
            10.696816444396973,
            1.3874613046646118,
            17.875381469726562
        ],
        "count": [
            598
        ],
        "q01": [
            -4.723920075098674,
            -98.93112665927026,
            33.48436737060547,
            -98.77889251708984,
            -54.72421096801758,
            1.3342227935791016
        ],
        "q10": [
            0.14779157936573029,
            -98.92573701920048,
            42.36819610595703,
            -98.69378416493923,
            -52.088575709307634,
            1.3342227935791016
        ],
        "q50": [
            8.178003311157227,
            -98.9017830633348,
            99.82577749399039,
            -98.51555509345476,
            -49.74314308166504,
            34.216990474778775
        ],
        "q90": [
            8.854153974850972,
            52.01939553653493,
            99.99729360982674,
            -83.78226242065429,
            -48.86392278671265,
            35.02190801447088
        ],
        "q99": [
            9.224896452767508,
            56.158881405101106,
            99.99972936098267,
            -40.43144187927246,
            -48.76676954129847,
            72.77473161061604
        ]
    },
    "observation.images.front": {
        "min": [
            [
                [
                    0.0
                ]
            ],
            [
                [
                    0.0
                ]
            ],
            [
                [
                    0.0
                ]
            ]
        ],
        "max": [
            [
                [
                    1.0
                ]
            ],
            [
                [
                    1.0
                ]
            ],
            [
                [
                    1.0
                ]
            ]
        ],
        "mean": [
            [
                [
                    0.34177714701076506
                ]
            ],
            [
                [
                    0.3206861743880559
                ]
            ],
            [
                [
                    0.2842402080930411
                ]
            ]
        ],
        "std": [
            [
                [
                    0.0
                ]
            ],
            [
                [
                    0.0
                ]
            ],
            [
                [
                    0.0
                ]
            ]
        ],
        "count": [
            120
        ],
        "q01": [
            [
                [
                    -3.9215686274509807e-13
                ]
            ],
            [
                [
                    0.015640062425030923
                ]
            ],
            [
                [
                    0.0038273674125163873
                ]
            ]
        ],
        "q10": [
            [
                [
                    0.05097364341050053
                ]
            ],
            [
                [
                    0.05888390845453366
                ]
            ],
            [
                [
                    0.04301059543315896
                ]
            ]
        ],
        "q50": [
            [
                [
                    0.274542479264562
                ]
            ],
            [
                [
                    0.23128553310383046
                ]
            ],
            [
                [
                    0.18033838874991356
                ]
            ]
        ],
        "q90": [
            [
                [
                    0.7176225697788039
                ]
            ],
            [
                [
                    0.729591395793679
                ]
            ],
            [
                [
                    0.7411348909124035
                ]
            ]
        ],
        "q99": [
            [
                [
                    0.8352230735361501
                ]
            ],
            [
                [
                    0.8548738461541244
                ]
            ],
            [
                [
                    0.917607779172222
                ]
            ]
        ]
    },
    "timestamp": {
        "min": [
            0.0
        ],
        "max": [
            19.9
        ],
        "mean": [
            9.95
        ],
        "std": [
            5.754249637345333
        ],
        "count": [
            598
        ],
        "q01": [
            0.16708039990167917
        ],
        "q10": [
            1.9693039999197917
        ],
        "q50": [
            9.934079999999838
        ],
        "q90": [
            17.930696000080207
        ],
        "q99": [
            19.732919600098317
        ]
    },
    "frame_index": {
        "min": [
            0
        ],