{
    "action": {
        "min": [
            -11.825572967529297,
            -99.75,
            37.99364471435547,
            -100.0,
            -69.14614868164062,
            0.7047768235206604
        ],
        "max": [
            4.730228900909424,
            38.66666793823242,
            99.90921783447266,
            -24.340682983398438,
            -40.178104400634766,
            58.96632766723633
        ],
        "mean": [
            -3.9857373237609863,
            -46.4498291015625,
            79.97269439697266,
            -84.37274932861328,
            -54.94959259033203,
            35.40542221069336
        ],
        "std": [
            4.408205986022949,
            59.67705154418945,
            22.183021545410156,
            18.410799026489258,
            9.583285331726074,
            8.233960151672363
        ],
        "count": [
            603
        ],
        "q01": [
            -11.236086692810058,
            -99.56997385406494,
            38.71814859390259,
            -100.0,
            -68.88344886779785,
            10.411500520706177
        ],
        "q10": [
            -8.869727643330892,
            -99.32769952341287,
            45.06804949442546,
            -99.73996759363123,
            -65.84634468772195,
            32.729112815856936
        ],
        "q50": [
            -4.065868854522705,
            -98.48195224338107,
            91.28437805175781,
            -86.41537284851074,
            -60.97209119796753,
            35.78674170550178
        ],
        "q90": [
            1.6257673263549806,
            32.75110931396485,
            99.90664312691524,
            -66.18482360839843,
            -40.390785499855326,
            36.648657989501956
        ],
        "q99": [
            4.362590637207031,
            38.58278778076172,
            99.90896036371691,
            -25.28275207519531,
            -40.2309106487698,
            58.89488043577775
        ]
    },
    "observation.state": {
        "min": [
            -11.777944564819336,
            -99.07756805419922,
            39.82781982421875,
            -98.77889251708984,
            -68.93772888183594,
            2.5350234508514404
        ],
        "max": [
            4.4261064529418945,
            39.035640716552734,
            99.81875610351562,
            -25.33798599243164,
            -40.31745910644531,
            58.63909149169922
        ],
        "mean": [
            -4.056609153747559,
            -45.943389892578125,
            80.36090087890625,
            -83.66722106933594,
            -54.977455139160156,
            35.290985107421875
        ],
        "std": [
            4.343549728393555,
            60.19779586791992,
            21.646282196044922,
            18.00432586669922,
            9.53418254852295,
            8.316933631896973
        ],
        "count": [
            603
        ],
        "q01": [
            -11.17829710006714,
            -99.07756805419922,
            39.82781982421875,
            -98.77889251708984,
            -68.89000129699707,
            6.462644557952881
        ],
        "q10": [
            -8.699628562927247,
            -99.07756805419922,
            46.52352790832519,
            -98.77889251708984,
            -65.80897679048427,
            32.421411980523004
        ],
        "q50": [
            -4.125378251075745,
            -98.65248743693034,
            91.66598510742188,
            -85.87532424926758,
            -61.07681369781494,
            35.822119478319514
        ],
        "q90": [
            1.5026532649993898,
            33.57463836669922,
            99.81343505522784,
            -66.93932495117187,
            -40.41781437683105,
            36.82414569854736
        ],
        "q99": [
            4.350165511540005,
            39.02049035159024,
            99.81822399868685,
            -25.420330429077147,
            -40.319027467207476,
            58.63570895576477
        ]
    },
    "observation.images.front": {
        "min": [
            [
                [
                    0.0
                ]
            ],
            [
                [
                    0.0
                ]
            ],
            [
                [
                    0.0
                ]
            ]
        ],
        "max": [
            [
                [
                    1.0
                ]
            ],
            [
                [
                    1.0
                ]
            ],
            [
                [
                    1.0
                ]
            ]
        ],
        "mean": [
            [
                [
                    0.33663179649594405
                ]
            ],
            [
                [
                    0.3254284012665186
                ]
            ],
            [
                [
                    0.29458589711204525
                ]
            ]
        ],
        "std": [
            [
                [
                    0.0
                ]
            ],
            [
                [
                    0.0
                ]
            ],
            [
                [
                    0.0
                ]
            ]
        ],
        "count": [
            121
        ],
        "q01": [
            [
                [
                    -3.9215686274509807e-13
                ]
            ],
            [
                [
                    0.019618503999623223
                ]
            ],
            [
                [
                    0.0038196391148611294
                ]
            ]
        ],
        "q10": [
            [
                [
                    0.054876013486673536
                ]
            ],
            [
                [
                    0.058977040390455954
                ]
            ],
            [
                [
                    0.04313624046206941
                ]
            ]
        ],
        "q50": [
            [
                [
                    0.2353368274109599
                ]
            ],
            [
                [
                    0.22747310669786766
                ]
            ],
            [
                [
                    0.20399994203435384
                ]
            ]
        ],
        "q90": [
            [
                [
                    0.7411018768108705
                ]
            ],
            [
                [
                    0.7568443201245214
                ]
            ],
            [
                [
                    0.7647147921504502
                ]
            ]
        ],
        "q99": [
            [
                [
                    0.8745872355350687
                ]
            ],
            [
                [
                    0.8940023188408887
                ]
            ],
            [
                [
                    0.9606478575816995
                ]
            ]
        ]
    },
    "timestamp": {
        "min": [
            0.0
        ],
        "max": [
            20.066666666666666
        ],
        "mean": [
            10.033333333333333
        ],
        "std": [
            5.802362226490813
        ],
        "count": [
            603
        ],
        "q01": [
            0.19677373323529448
        ],
        "q10": [
            1.9998439999199316
        ],
        "q50": [
            10.035340000000017
        ],
        "q90": [
            18.06682266674673
        ],
        "q99": [
            19.86989293343137
        ]
    },